DATUM,CDU/CSU,SPD,GRÃœNE,FDP,LINKE,SONSTIGE,BUNDESTAGSWAHL,BEFRAGTE,AFD,INSTITUT
1998-03-25,32.1,42.7,10.2,5.8,5.4,1.8,False,,,ALLENSBACH
1998-04-29,31.3,45.2,8.5,5.8,5.2,1.2,False,,,ALLENSBACH
1998-05-20,31.0,45.5,7.5,5.7,5.9,2.9,False,,,ALLENSBACH
1998-06-17,31.1,44.4,7.6,6.9,5.7,2.0,False,,,ALLENSBACH
1998-08-12,33.0,43.8,7.0,6.6,5.2,2.8,False,,,ALLENSBACH
1998-08-19,34.5,42.9,7.0,5.8,5.2,2.6,False,,,ALLENSBACH
1998-08-26,35.2,42.7,6.3,6.0,5.3,3.3,False,,,ALLENSBACH
1998-09-02,35.5,41.1,7.0,6.1,4.9,3.0,False,,,ALLENSBACH
1998-09-09,35.6,40.8,7.5,7.2,4.5,2.3,False,,,ALLENSBACH
1998-09-16,35.5,41.4,7.0,6.6,5.0,4.5,False,,,ALLENSBACH
1998-09-23,36.1,41.1,7.0,6.5,4.7,4.6,False,,,ALLENSBACH
1998-09-26,36.0,40.5,6.0,6.5,5.0,6.0,False,,,ALLENSBACH
1998-09-27,35.1,40.9,6.7,6.2,5.1,4.0,True,,,ALLENSBACH
1998-12-16,36.3,39.4,7.2,6.0,,,False,,,ALLENSBACH
1999-03-17,38.7,37.0,6.8,7.4,5.7,2.7,False,,,ALLENSBACH
1999-04-14,37.9,37.6,6.5,7.5,5.5,2.7,False,,,ALLENSBACH
1999-05-19,36.8,37.3,7.8,7.0,5.9,1.8,False,,,ALLENSBACH
1999-06-16,39.7,35.6,6.6,7.7,5.8,2.7,False,,,ALLENSBACH
1999-07-21,43.3,32.6,6.7,7.0,5.9,2.0,False,,,ALLENSBACH
1999-08-18,42.2,32.6,7.4,6.6,6.0,2.1,False,,,ALLENSBACH
1999-09-15,42.0,32.9,7.2,6.6,7.0,1.7,False,,,ALLENSBACH
1999-10-13,44.5,30.8,6.8,5.9,7.2,2.5,False,,,ALLENSBACH
1999-11-17,44.7,30.4,6.9,6.9,6.8,2.7,False,,,ALLENSBACH
1999-12-15,41.6,32.3,7.5,6.4,7.1,1.7,False,,,ALLENSBACH
2000-01-19,37.8,36.9,7.5,6.3,6.5,3.3,False,,,ALLENSBACH
2000-02-23,31.3,40.3,8.0,7.7,6.7,3.5,False,,,ALLENSBACH
2000-03-22,31.3,39.8,8.5,7.9,7.1,2.3,False,,,ALLENSBACH
2000-04-19,32.0,38.6,8.4,8.4,7.1,2.1,False,,,ALLENSBACH
2000-06-14,33.0,35.9,7.9,11.1,6.5,1.8,False,,,ALLENSBACH
2000-07-19,32.3,37.1,7.1,11.5,6.8,3.0,False,,,ALLENSBACH
2000-08-16,32.4,39.0,6.9,10.1,6.3,2.5,False,,,ALLENSBACH
2000-09-27,33.1,39.0,7.4,9.8,6.2,2.9,False,,,ALLENSBACH
2000-10-18,34.0,38.0,6.9,9.5,6.0,3.6,False,,,ALLENSBACH
2000-11-15,33.8,37.8,7.4,9.6,6.1,3.4,False,,,ALLENSBACH
2000-12-20,35.2,38.1,7.4,9.6,6.0,2.6,False,,,ALLENSBACH
2001-01-24,33.1,39.1,7.3,9.7,6.3,3.4,False,,,ALLENSBACH
2001-02-14,32.8,38.7,8.0,9.6,6.1,2.5,False,,,ALLENSBACH
2001-03-14,32.4,39.3,7.5,10.0,6.2,2.3,False,,,ALLENSBACH
2001-04-18,32.9,39.2,7.7,10.2,5.7,2.5,False,,,ALLENSBACH
2001-05-16,33.6,38.1,7.9,10.2,5.7,2.5,False,,,ALLENSBACH
2001-06-20,33.4,37.1,7.9,11.1,6.0,2.9,False,,,ALLENSBACH
2001-07-25,33.0,37.2,7.7,10.8,6.7,2.4,False,,,ALLENSBACH
2001-08-14,34.0,36.1,7.8,11.0,6.4,3.9,False,,,ALLENSBACH
2001-09-19,35.7,35.9,8.0,10.9,6.0,1.8,False,,,ALLENSBACH
2001-10-17,35.7,36.8,7.4,10.9,5.7,2.0,False,,,ALLENSBACH
2001-11-14,34.5,36.7,7.4,10.6,6.4,2.9,False,,,ALLENSBACH
2001-12-19,35.1,35.4,6.6,11.5,6.6,2.2,False,,,ALLENSBACH
2002-01-30,35.8,34.9,6.6,11.1,6.7,4.9,False,,,ALLENSBACH
2002-02-20,36.1,34.1,6.5,13.2,6.6,2.2,False,,,ALLENSBACH
2002-03-20,37.3,34.0,6.6,11.9,6.6,3.6,False,,,ALLENSBACH
2002-04-17,37.0,34.5,6.5,11.9,6.9,1.6,False,,,ALLENSBACH
2002-05-15,38.2,33.2,6.4,12.8,6.2,1.4,False,,,ALLENSBACH
2002-06-12,39.0,32.2,7.1,12.4,6.2,3.1,False,,,ALLENSBACH
2002-07-03,38.3,33.4,6.9,13.1,5.7,1.4,False,,,ALLENSBACH
2002-08-02,38.8,34.2,6.9,12.1,5.6,2.4,False,,,ALLENSBACH
2002-08-14,39.7,33.0,6.2,12.5,5.6,3.0,False,,,ALLENSBACH
2002-08-21,39.7,31.9,6.7,12.8,5.6,3.3,False,,,ALLENSBACH
2002-08-25,39.8,32.8,6.6,11.7,5.0,4.1,False,,,ALLENSBACH
2002-08-28,40.1,32.9,6.5,11.6,5.1,3.8,False,,,ALLENSBACH
2002-09-04,39.1,34.2,7.0,11.6,4.9,3.2,False,,,ALLENSBACH
2002-09-08,38.2,35.2,7.2,11.2,4.9,3.3,False,,,ALLENSBACH
2002-09-11,37.0,37.0,7.3,10.1,4.9,3.7,False,,,ALLENSBACH
2002-09-17,37.3,37.0,7.2,10.1,4.4,4.0,False,,,ALLENSBACH
2002-09-22,38.5,38.5,8.6,7.4,4.0,3.0,True,,,ALLENSBACH
2002-09-22,38.5,38.5,8.6,7.4,4.0,3.0,True,,,ALLENSBACH
2002-11-15,44.1,32.3,9.4,6.8,4.0,3.4,False,2000.0,,ALLENSBACH
2002-12-18,47.6,26.4,10.5,7.3,5.0,3.2,False,,,ALLENSBACH
2003-01-29,45.0,31.4,8.3,8.3,4.4,2.6,False,,,ALLENSBACH
2003-02-19,47.0,27.6,9.8,8.6,4.2,2.8,False,,,ALLENSBACH
2003-03-19,46.3,27.4,10.9,8.8,4.2,2.4,False,,,ALLENSBACH
2003-04-16,43.6,30.6,10.4,8.8,4.2,2.4,False,,,ALLENSBACH
2003-05-14,43.9,29.4,11.3,8.9,4.2,2.3,False,,,ALLENSBACH
2003-06-18,43.1,29.9,10.7,7.8,4.0,4.5,False,,,ALLENSBACH
2003-07-23,42.9,30.6,10.0,7.8,4.4,4.3,False,,,ALLENSBACH
2003-08-20,43.7,31.0,9.9,7.6,4.3,3.5,False,,,ALLENSBACH
2003-09-17,43.7,30.8,9.7,7.9,4.6,3.3,False,,,ALLENSBACH
2003-10-15,46.8,26.9,11.2,7.8,4.3,3.0,False,,,ALLENSBACH
2003-11-12,46.9,26.1,11.1,7.4,4.8,3.7,False,,,ALLENSBACH
2003-12-17,47.4,25.5,11.4,7.8,4.8,3.1,False,2000.0,,ALLENSBACH
2004-01-28,46.9,25.3,10.6,7.9,5.2,4.1,False,2000.0,,ALLENSBACH
2004-02-18,47.8,24.2,10.4,8.4,5.2,4.0,False,,,ALLENSBACH
2004-03-17,47.2,23.8,11.9,8.1,4.8,4.2,False,2000.0,,ALLENSBACH
2004-04-21,47.1,24.5,11.5,8.3,5.3,3.3,False,,,ALLENSBACH
2004-05-19,46.7,24.5,11.9,7.9,5.1,3.9,False,,,ALLENSBACH
2004-06-16,45.9,25.0,10.8,7.9,5.4,5.0,False,2000.0,,ALLENSBACH
2004-07-21,44.2,24.2,12.2,8.5,6.0,4.9,False,2114.0,,ALLENSBACH
2004-08-17,42.9,25.3,11.3,8.2,7.4,4.9,False,2000.0,,ALLENSBACH
2004-09-15,44.6,23.7,11.4,8.0,7.5,4.8,False,,,ALLENSBACH
2004-10-20,41.5,27.0,12.1,8.4,6.3,4.7,False,,,ALLENSBACH
2004-11-18,38.9,30.9,10.9,8.8,5.8,4.7,False,2033.0,,ALLENSBACH
2004-12-15,39.7,30.1,11.9,8.4,6.0,3.9,False,2063.0,,ALLENSBACH
2005-01-26,38.9,30.6,11.1,8.6,6.1,4.7,False,2063.0,,ALLENSBACH
2005-02-16,37.2,32.9,11.1,8.8,5.7,4.3,False,2000.0,,ALLENSBACH
2005-03-16,41.0,31.5,9.4,8.8,5.1,4.2,False,2000.0,,ALLENSBACH
2005-04-20,44.0,29.3,9.3,8.5,5.1,3.8,False,2000.0,,ALLENSBACH
2005-05-18,44.1,28.6,9.8,8.2,5.4,3.9,False,2000.0,,ALLENSBACH
2005-06-15,46.9,27.4,9.2,8.1,4.8,3.6,False,2000.0,,ALLENSBACH
2005-07-19,45.2,26.4,8.2,8.0,9.2,3.0,False,1400.0,,ALLENSBACH
2005-08-16,41.9,27.9,8.0,8.4,10.5,3.3,False,,,ALLENSBACH
2005-08-23,41.8,27.9,8.1,8.7,10.3,3.2,False,,,ALLENSBACH
2005-08-27,43.5,28.1,7.7,7.8,10.1,2.8,False,2000.0,,ALLENSBACH
2005-09-02,41.7,29.6,8.1,8.0,9.7,2.9,False,2000.0,,ALLENSBACH
2005-09-09,41.5,32.7,7.2,7.0,8.9,2.7,False,,,ALLENSBACH
2005-09-13,41.7,32.9,7.2,7.0,8.5,2.7,False,2000.0,,ALLENSBACH
2005-09-16,41.5,32.5,7.0,8.0,8.5,2.5,False,1682.0,,ALLENSBACH
2005-09-18,35.2,34.2,8.1,9.8,8.7,3.9,True,,,ALLENSBACH
2005-10-19,36.4,33.2,8.3,9.6,9.1,3.4,False,2000.0,,ALLENSBACH
2005-11-23,35.7,32.6,8.0,10.7,8.9,4.1,False,,,ALLENSBACH
2005-12-21,36.3,32.6,8.2,10.3,9.1,3.5,False,2052.0,,ALLENSBACH
2006-01-25,37.8,30.8,8.4,9.8,8.7,4.5,False,1988.0,,ALLENSBACH
2006-02-22,37.2,31.9,7.9,9.8,9.4,3.8,False,2046.0,,ALLENSBACH
2006-03-15,38.3,30.3,8.1,11.0,9.4,2.9,False,2065.0,,ALLENSBACH
2006-04-12,37.5,30.2,8.3,10.6,9.3,4.1,False,2099.0,,ALLENSBACH
2006-05-17,37.5,30.7,7.5,10.6,9.9,3.8,False,,,ALLENSBACH
2006-06-21,35.3,30.5,9.2,11.5,10.3,3.2,False,2000.0,,ALLENSBACH
2006-07-19,36.6,28.2,9.2,12.1,9.2,4.7,False,2000.0,,ALLENSBACH
2006-08-16,33.3,29.3,9.9,12.5,10.3,4.7,False,2000.0,,ALLENSBACH
2006-09-20,35.8,28.8,10.9,11.3,9.9,3.3,False,2000.0,,ALLENSBACH
2006-10-17,31.6,30.4,11.0,12.8,9.3,4.9,False,2000.0,,ALLENSBACH
2006-11-14,31.2,30.1,10.4,13.3,10.2,4.8,False,,,ALLENSBACH
2006-12-20,33.6,30.4,9.9,12.4,9.7,4.0,False,2077.0,,ALLENSBACH
2007-01-23,34.7,29.8,10.1,12.4,9.9,3.1,False,1800.0,,ALLENSBACH
2007-02-21,34.3,30.8,9.9,12.7,9.2,3.1,False,2000.0,,ALLENSBACH
2007-03-21,35.1,30.0,10.6,11.4,9.6,3.3,False,,,ALLENSBACH
2007-04-17,36.7,30.7,8.4,11.5,10.4,2.3,False,,,ALLENSBACH
2007-05-16,36.4,29.7,8.6,12.5,9.3,3.5,False,,,ALLENSBACH
2007-06-13,35.0,29.2,10.3,10.5,10.3,4.7,False,,,ALLENSBACH
2007-07-17,37.0,28.3,9.7,9.4,12.5,3.1,False,2000.0,,ALLENSBACH
2007-08-14,36.8,27.1,10.3,10.5,11.1,4.2,False,2000.0,,ALLENSBACH
2007-09-19,38.0,26.8,9.6,10.8,11.3,3.5,False,,,ALLENSBACH
2007-10-16,37.7,27.1,10.0,10.0,11.5,3.7,False,,,ALLENSBACH
2007-11-14,38.0,28.6,9.2,11.0,10.1,3.1,False,,,ALLENSBACH
2007-12-18,37.9,28.0,9.5,10.4,10.6,3.6,False,2000.0,,ALLENSBACH
2008-01-22,37.0,29.0,9.3,11.1,9.8,3.8,False,,,ALLENSBACH
2008-02-19,34.8,28.3,8.9,11.8,11.8,4.4,False,2000.0,,ALLENSBACH
2008-03-18,36.0,27.5,9.9,10.8,12.2,3.6,False,,,ALLENSBACH
2008-04-22,36.4,26.8,10.6,11.0,11.7,3.5,False,,,ALLENSBACH
2008-05-20,35.2,28.2,9.7,11.3,11.9,3.7,False,2000.0,,ALLENSBACH
2008-06-24,35.0,25.6,10.7,11.9,12.8,4.0,False,2000.0,,ALLENSBACH
2008-07-22,36.3,26.8,10.1,11.4,12.0,3.4,False,,,ALLENSBACH
2008-08-19,36.1,26.5,9.5,11.3,13.0,3.6,False,2000.0,,ALLENSBACH
2008-09-17,36.2,26.6,10.3,11.3,11.5,4.1,False,,,ALLENSBACH
2008-10-21,35.5,25.8,10.3,12.2,12.6,3.6,False,,,ALLENSBACH
2008-11-19,36.1,26.6,10.8,11.2,11.3,4.0,False,,,ALLENSBACH
2008-12-17,36.9,25.9,9.7,11.3,12.5,3.7,False,,,ALLENSBACH
2009-01-27,36.1,26.9,9.6,12.1,11.5,3.8,False,2000.0,,ALLENSBACH
2009-02-24,35.6,24.7,11.0,14.8,10.8,3.1,False,2000.0,,ALLENSBACH
2009-03-24,34.8,26.1,10.5,14.5,10.0,4.1,False,2000.0,,ALLENSBACH
2009-04-21,37.5,24.5,10.5,13.5,10.0,4.0,False,,,ALLENSBACH
2009-05-19,36.5,26.0,10.5,13.5,9.5,4.0,False,,,ALLENSBACH
2009-06-16,36.0,24.5,11.5,14.5,9.5,4.0,False,2000.0,,ALLENSBACH
2009-07-21,36.5,24.0,12.0,13.5,10.0,4.0,False,1800.0,,ALLENSBACH
2009-08-18,36.5,23.0,13.0,14.5,9.0,4.0,False,,,ALLENSBACH
2009-09-01,35.5,23.0,13.5,14.0,9.5,4.5,False,,,ALLENSBACH
2009-09-09,35.0,22.5,13.0,13.0,11.5,5.0,False,,,ALLENSBACH
2009-09-15,36.0,22.5,12.0,12.5,12.0,5.0,False,,,ALLENSBACH
2009-09-22,35.0,24.0,11.0,13.5,11.5,5.0,False,1200.0,,ALLENSBACH
2009-09-27,33.8,23.0,10.7,14.6,11.9,6.0,True,,,ALLENSBACH
2009-10-28,35.0,23.0,10.5,14.0,12.0,5.5,False,1834.0,,ALLENSBACH
2009-11-25,35.5,23.0,11.0,14.0,11.5,5.0,False,1792.0,,ALLENSBACH
2009-12-16,34.5,24.0,11.0,13.5,12.0,5.0,False,1788.0,,ALLENSBACH
2010-01-27,34.5,25.0,11.5,13.0,11.0,5.0,False,1849.0,,ALLENSBACH
2010-02-23,37.0,23.5,13.5,10.5,10.5,5.0,False,1816.0,,ALLENSBACH
2010-03-24,36.0,25.5,13.0,9.0,11.0,5.5,False,1812.0,,ALLENSBACH
2010-04-28,35.0,27.5,13.5,9.0,9.5,5.5,False,1833.0,,ALLENSBACH
2010-05-26,32.0,28.5,14.5,8.5,10.0,6.5,False,1827.0,,ALLENSBACH
2010-06-23,32.0,29.0,15.5,7.0,11.0,5.5,False,1882.0,,ALLENSBACH
2010-07-20,31.5,31.5,15.5,6.5,9.5,5.5,False,1796.0,,ALLENSBACH
2010-08-17,31.0,32.0,17.0,6.0,8.5,5.5,False,1807.0,,ALLENSBACH
2010-09-21,32.5,29.5,18.5,6.5,8.0,5.0,False,1832.0,,ALLENSBACH
2010-10-20,30.5,28.0,20.5,5.5,9.5,6.0,False,1786.0,,ALLENSBACH
2010-11-24,32.0,27.5,19.5,6.0,9.0,6.0,False,1837.0,,ALLENSBACH
2010-12-21,34.0,28.5,18.5,6.0,8.0,5.0,False,1852.0,,ALLENSBACH
2011-01-25,34.5,27.5,18.0,5.5,8.5,6.0,False,1861.0,,ALLENSBACH
2011-02-23,36.0,28.5,16.5,6.5,7.5,5.0,False,1803.0,,ALLENSBACH
2011-03-16,36.5,29.0,15.0,6.5,8.0,5.0,False,1811.0,,ALLENSBACH
2011-04-19,32.0,28.0,23.0,5.0,7.0,5.0,False,1740.0,,ALLENSBACH
2011-05-18,33.0,27.0,22.0,5.5,6.5,6.0,False,1789.0,,ALLENSBACH
2011-06-22,34.5,27.5,21.0,4.5,7.0,5.5,False,1757.0,,ALLENSBACH
2011-07-20,34.0,27.0,20.0,5.5,7.5,6.0,False,1751.0,,ALLENSBACH
2011-08-16,33.0,29.0,20.0,4.5,7.5,6.0,False,1771.0,,ALLENSBACH
2011-09-21,33.5,28.5,19.0,5.0,8.0,6.0,False,1802.0,,ALLENSBACH
2011-10-19,31.0,30.5,17.5,4.5,7.5,3.5,False,1869.0,,ALLENSBACH
2011-11-16,32.0,30.0,17.0,4.5,8.0,4.0,False,1774.0,,ALLENSBACH
2011-12-13,34.0,30.0,16.0,4.0,7.0,4.0,False,1889.0,,ALLENSBACH
2012-01-25,35.0,29.0,16.5,4.0,7.0,4.5,False,1904.0,,ALLENSBACH
2012-02-22,36.0,28.0,15.5,4.5,7.5,3.5,False,1761.0,,ALLENSBACH
2012-03-21,35.0,30.0,16.0,3.5,7.0,3.5,False,1613.0,,ALLENSBACH
2012-04-18,34.5,28.0,14.0,3.5,7.0,3.0,False,1597.0,,ALLENSBACH
2012-05-23,35.5,30.0,14.0,4.5,5.5,3.5,False,1608.0,,ALLENSBACH
2012-06-20,34.0,28.0,15.5,5.5,5.0,4.5,False,1617.0,,ALLENSBACH
2012-07-18,36.0,27.0,14.0,6.0,6.0,4.5,False,1615.0,,ALLENSBACH
2012-08-22,35.0,28.0,15.0,5.5,6.0,4.0,False,1642.0,,ALLENSBACH
2012-09-26,34.0,30.0,14.0,5.5,6.5,4.5,False,1558.0,,ALLENSBACH
2012-10-17,35.5,31.0,14.0,4.5,6.0,4.0,False,1636.0,,ALLENSBACH
2012-11-21,37.5,31.0,12.5,4.0,6.5,4.5,False,1606.0,,ALLENSBACH
2012-12-19,37.5,30.0,14.0,4.5,6.5,4.0,False,1611.0,,ALLENSBACH
2013-01-23,39.0,28.0,14.0,5.0,7.0,4.0,False,1653.0,,ALLENSBACH
2013-02-20,39.0,27.0,15.0,6.0,6.5,3.5,False,,,ALLENSBACH
2013-03-20,39.5,26.5,15.5,6.0,6.0,4.0,False,,,ALLENSBACH
2013-04-17,38.5,28.0,15.0,5.0,7.0,3.5,False,1548.0,,ALLENSBACH
2013-05-03,38.5,26.0,15.0,5.5,6.0,2.5,False,,3.5,ALLENSBACH
2013-05-22,39.0,27.0,13.0,6.0,6.0,3.0,False,1503.0,3.5,ALLENSBACH
2013-06-19,38.0,26.0,14.0,6.0,7.0,4.0,False,1490.0,3.0,ALLENSBACH
2013-07-12,40.0,25.5,12.5,6.5,6.0,4.0,False,1583.0,3.5,ALLENSBACH
2013-08-21,39.0,24.5,13.5,7.0,7.0,4.0,False,1553.0,3.0,ALLENSBACH
2013-09-04,40.0,25.0,12.5,6.0,7.5,3.5,False,1548.0,3.0,ALLENSBACH
2013-09-18,39.0,26.0,11.0,6.0,9.0,3.5,False,1269.0,3.5,ALLENSBACH
2013-09-20,39.5,27.0,9.0,5.5,9.0,3.5,False,1070.0,4.5,ALLENSBACH
2013-09-22,41.5,25.7,8.4,4.8,8.6,6.2,True,,4.7,ALLENSBACH
2013-10-23,41.0,25.0,9.0,5.0,9.0,5.5,False,,5.5,ALLENSBACH
2013-11-27,40.0,26.5,10.0,4.0,9.5,5.0,False,,5.0,ALLENSBACH
2013-12-19,41.5,25.5,10.5,4.0,9.0,5.0,False,,4.5,ALLENSBACH
2014-01-29,40.0,26.0,10.0,5.0,8.5,5.5,False,,5.0,ALLENSBACH
2014-02-20,40.0,26.5,10.5,4.0,9.0,5.0,False,,5.0,ALLENSBACH
2014-03-19,40.5,25.0,10.0,5.0,9.0,5.5,False,,5.0,ALLENSBACH
2014-04-16,40.0,26.5,11.0,4.5,8.0,5.0,False,1571.0,5.0,ALLENSBACH
2014-05-14,39.5,26.0,10.5,5.0,8.0,5.5,False,,5.5,ALLENSBACH
2014-06-20,40.0,26.0,10.0,4.0,8.0,6.0,False,,6.0,ALLENSBACH
2014-07-16,40.5,25.0,11.0,3.5,8.5,5.5,False,,6.0,ALLENSBACH
2014-08-20,41.0,26.5,10.0,3.0,8.0,5.0,False,,6.5,ALLENSBACH
2014-09-17,41.0,25.5,10.0,4.0,8.5,4.5,False,,6.5,ALLENSBACH
2014-10-21,39.5,26.0,10.5,3.0,8.5,5.0,False,,7.5,ALLENSBACH
2014-11-19,40.5,27.0,9.5,3.5,8.0,5.0,False,,6.5,ALLENSBACH
2014-12-17,40.5,26.0,9.5,3.5,8.5,5.0,False,1505.0,7.0,ALLENSBACH
2015-01-28,41.5,25.0,10.5,4.0,8.5,4.5,False,1455.0,6.0,ALLENSBACH
2015-02-19,41.0,25.5,9.5,5.0,9.0,4.0,False,1400.0,6.0,ALLENSBACH
2015-03-19,41.5,26.0,9.5,5.0,8.0,4.0,False,1500.0,6.0,ALLENSBACH
2015-04-16,40.5,26.5,9.5,5.0,8.5,4.0,False,1430.0,6.0,ALLENSBACH
2015-05-21,41.5,25.5,9.5,5.0,9.0,4.5,False,1450.0,5.0,ALLENSBACH
2015-06-18,41.5,26.0,10.0,5.0,8.5,5.0,False,1400.0,4.0,ALLENSBACH
2015-07-16,40.5,25.5,10.0,5.5,9.5,5.0,False,1200.0,4.0,ALLENSBACH
2015-08-19,41.5,26.0,9.5,5.5,9.0,5.0,False,1400.0,3.5,ALLENSBACH
2015-09-16,42.0,25.5,9.5,6.0,8.5,5.0,False,1400.0,3.5,ALLENSBACH
2015-10-20,38.0,26.0,9.5,5.5,9.0,5.0,False,1400.0,7.0,ALLENSBACH
2015-11-19,37.5,26.0,9.5,5.5,9.5,5.0,False,1448.0,7.0,ALLENSBACH
2015-12-16,38.0,26.0,9.5,5.0,8.5,5.0,False,1457.0,8.0,ALLENSBACH
2016-01-26,35.0,25.0,9.0,6.5,9.5,5.0,False,1431.0,10.0,ALLENSBACH
2016-02-17,33.5,24.0,10.0,7.0,10.0,5.0,False,1521.0,10.5,ALLENSBACH
2016-03-18,35.0,24.5,10.0,7.0,9.0,4.0,False,1456.0,10.5,ALLENSBACH
2016-04-20,33.5,23.0,11.0,8.0,9.0,5.0,False,1388.0,10.5,ALLENSBACH
2016-05-17,33.5,21.0,11.5,8.0,9.0,4.5,False,1474.0,12.5,ALLENSBACH
2016-06-15,33.5,21.0,12.0,8.0,9.0,5.0,False,1396.0,11.5,ALLENSBACH
2016-07-21,35.5,22.5,12.0,7.0,9.5,4.0,False,1466.0,9.5,ALLENSBACH
2016-08-24,34.5,23.0,11.5,7.5,9.0,4.5,False,1496.0,10.0,ALLENSBACH
2016-09-22,33.5,24.0,11.0,7.0,7.0,5.0,False,1407.0,12.5,ALLENSBACH
2016-10-20,33.0,22.0,12.0,7.5,9.0,4.0,False,1458.0,12.5,ALLENSBACH
2016-11-16,34.0,23.0,11.0,7.5,9.0,5.0,False,1436.0,10.5,ALLENSBACH
2016-12-22,35.5,22.0,10.0,7.5,9.5,5.0,False,1459.0,10.5,ALLENSBACH
2017-01-26,36.0,23.0,9.0,7.0,9.5,4.0,False,1441.0,11.5,ALLENSBACH
2017-02-22,33.0,30.5,8.0,7.0,8.0,5.0,False,1542.0,8.5,ALLENSBACH
2017-03-28,34.0,33.0,7.5,6.5,8.0,4.0,False,1397.0,7.0,ALLENSBACH
2017-04-25,36.0,31.0,7.0,6.0,9.0,4.0,False,1407.0,7.0,ALLENSBACH
2017-05-26,37.0,26.0,8.0,9.0,8.0,4.0,False,1457.0,8.0,ALLENSBACH
2017-06-20,40.0,24.0,7.0,10.5,8.5,3.5,False,1437.0,6.5,ALLENSBACH
2017-07-18,39.5,25.0,7.0,9.0,9.0,3.5,False,1403.0,7.0,ALLENSBACH
2017-08-22,39.5,24.0,7.5,10.0,8.0,4.0,False,1421.0,7.0,ALLENSBACH
2017-09-06,38.5,24.0,7.5,10.0,8.0,4.0,False,1043.0,8.0,ALLENSBACH
2017-09-19,36.5,22.0,8.0,11.0,9.0,3.5,False,1083.0,10.0,ALLENSBACH
2017-09-22,36.0,22.0,8.0,10.5,9.5,4.0,False,1074.0,10.0,ALLENSBACH
2017-09-24,32.9,20.5,8.9,10.7,9.2,5.0,True,,12.6,ALLENSBACH
2017-10-25,33.0,20.5,9.5,12.0,9.0,4.0,False,1454.0,12.0,ALLENSBACH
2017-11-30,33.0,21.5,11.0,10.0,9.0,4.5,False,1299.0,11.0,ALLENSBACH
2017-12-21,34.0,21.0,11.5,10.0,9.0,3.5,False,1443.0,11.0,ALLENSBACH
2018-01-25,34.0,21.0,10.5,10.0,8.5,4.0,False,1221.0,12.0,ALLENSBACH
2018-02-23,32.0,17.5,12.0,11.0,9.5,5.0,False,1271.0,13.0,ALLENSBACH
2018-03-21,34.0,19.0,11.0,10.0,10.0,3.5,False,1256.0,12.5,ALLENSBACH
2018-04-25,34.0,20.5,11.0,10.0,9.0,3.5,False,1279.0,12.0,ALLENSBACH
2018-05-17,34.0,20.0,11.0,9.0,10.0,4.5,False,1253.0,11.5,ALLENSBACH
2018-06-20,33.0,21.0,11.0,9.5,9.5,3.0,False,1279.0,13.0,ALLENSBACH
2018-07-17,30.5,20.0,12.0,9.5,9.0,4.0,False,1295.0,15.0,ALLENSBACH
2018-08-15,31.0,20.0,12.5,9.0,9.0,4.0,False,1295.0,14.5,ALLENSBACH
2018-09-18,31.5,19.5,12.5,8.5,9.0,4.0,False,1258.0,15.0,ALLENSBACH
2018-10-18,29.0,19.0,15.0,8.5,9.0,4.5,False,1259.0,15.0,ALLENSBACH
2018-11-30,28.0,17.0,19.0,9.5,9.0,4.0,False,1242.0,13.5,ALLENSBACH
2018-12-20,29.0,16.5,19.0,8.5,9.0,4.0,False,1295.0,14.0,ALLENSBACH
2019-01-23,31.5,16.5,18.0,8.5,8.5,4.0,False,1249.0,13.0,ALLENSBACH
2019-02-19,30.0,18.0,18.5,8.0,8.0,4.0,False,1222.0,13.5,ALLENSBACH
2019-03-27,30.0,18.0,19.0,8.5,8.5,4.0,False,1198.0,12.0,ALLENSBACH
2019-04-18,30.0,18.5,18.0,9.0,8.0,4.0,False,1305.0,12.5,ALLENSBACH
2019-05-23,30.0,17.5,17.0,9.0,8.5,5.0,False,1283.0,13.0,ALLENSBACH
2019-06-21,29.0,12.0,25.0,8.0,8.0,6.0,False,1273.0,12.0,ALLENSBACH
2019-07-24,29.5,14.5,23.0,7.0,8.5,6.0,False,1228.0,11.5,ALLENSBACH
2019-08-21,29.5,13.5,24.0,7.0,8.0,5.5,False,1262.0,12.5,ALLENSBACH
2019-09-17,29.0,15.0,22.0,7.0,8.0,5.0,False,1255.0,14.0,ALLENSBACH
2019-10-16,29.5,16.0,23.5,6.5,7.0,4.5,False,1238.0,13.0,ALLENSBACH
2019-11-19,29.5,14.0,21.5,7.5,8.0,5.0,False,1298.0,14.5,ALLENSBACH
2019-12-19,28.5,15.0,21.0,7.0,8.5,5.0,False,1270.0,15.0,ALLENSBACH
2020-01-29,28.5,14.0,23.5,8.0,8.0,5.0,False,1273.0,13.0,ALLENSBACH
2020-02-19,27.5,14.5,23.0,8.0,9.5,4.5,False,1262.0,13.0,ALLENSBACH
2020-03-25,29.0,16.5,23.0,7.0,8.0,5.0,False,1219.0,11.5,ALLENSBACH
2020-04-24,38.0,16.0,19.0,6.0,7.0,5.0,False,1152.0,9.0,ALLENSBACH
2020-05-22,38.0,15.5,19.0,5.5,7.0,6.0,False,1013.0,9.0,ALLENSBACH
2020-06-18,40.0,16.0,18.5,4.5,7.0,4.5,False,1314.0,9.5,ALLENSBACH
2020-07-22,38.0,15.5,20.0,5.5,7.5,4.5,False,1237.0,9.0,ALLENSBACH
2020-08-27,38.0,17.0,19.0,5.5,7.0,4.5,False,1231.0,9.0,ALLENSBACH
2020-09-22,37.0,17.0,19.5,6.0,7.0,4.5,False,1043.0,9.0,ALLENSBACH
2020-10-23,35.5,17.0,20.0,6.0,7.0,4.5,False,1045.0,10.0,ALLENSBACH
2020-11-18,37.0,17.0,18.0,6.5,7.5,4.5,False,1286.0,9.5,ALLENSBACH
2020-12-16,37.0,16.5,19.0,7.0,7.0,4.5,False,1022.0,9.0,ALLENSBACH
2021-01-28,37.0,16.0,20.0,6.5,7.5,4.0,False,1080.0,9.0,ALLENSBACH
2021-02-25,37.0,15.0,20.0,7.0,7.0,4.5,False,1082.0,9.5,ALLENSBACH
2021-03-24,28.5,18.0,21.5,8.5,8.5,5.0,False,1006.0,10.0,ALLENSBACH
